id,commonName,version,catalog.shortName,GPS,reference,jsonurl,mass_1_source,mass_1_source_lower,mass_1_source_upper,mass_2_source,mass_2_source_lower,mass_2_source_upper,network_matched_filter_snr,network_matched_filter_snr_lower,network_matched_filter_snr_upper,luminosity_distance,luminosity_distance_lower,luminosity_distance_upper,chi_eff,chi_eff_lower,chi_eff_upper,total_mass_source,total_mass_source_lower,total_mass_source_upper,chirp_mass_source,chirp_mass_source_lower,chirp_mass_source_upper,chirp_mass,chirp_mass_lower,chirp_mass_upper,redshift,redshift_lower,redshift_upper,far,far_lower,far_upper,p_astro,p_astro_lower,p_astro_upper,final_mass_source,final_mass_source_lower,final_mass_source_upper
GW150914-v3,GW150914,3,GWTC-1-confident,1126259462.4,https://doi.org/10.7935/82H3-HH23,https://www.gw-openscience.org/eventapi/json/GWTC-1-confident/GW150914/v3,35.6,-3.1,4.7,30.6,-4.4,3.0,26.0,-0.2,0.1,440.0,-170.0,150.0,-0.01,-0.13,0.12,,,,28.6,-1.5,1.7,,,,0.09,-0.03,0.03,1e-07,,,1.0,,,63.1,-3.0,3.4
GW151012-v3,GW151012,3,GWTC-1-confident,1128678900.4,https://doi.org/10.7935/82H3-HH23,https://www.gw-openscience.org/eventapi/json/GWTC-1-confident/GW151012/v3,23.2,-5.5,14.9,13.6,-4.8,4.1,10.0,,,1080.0,-490.0,550.0,0.05,-0.2,0.31,,,,15.2,-1.2,2.1,,,,0.21,-0.09,0.09,0.00792,,,1.0,,,35.6,-3.8,10.8
GW151226-v2,GW151226,2,GWTC-1-confident,1135136350.6,https://doi.org/10.7935/82H3-HH23,https://www.gw-openscience.org/eventapi/json/GWTC-1-confident/GW151226/v2,13.7,-3.2,8.8,7.7,-2.5,2.2,13.1,,,450.0,-190.0,180.0,0.18,-0.12,0.2,,,,8.9,-0.3,0.3,,,,0.09,-0.04,0.04,1e-07,,,1.0,,,20.5,-1.5,6.4
GW170104-v2,GW170104,2,GWTC-1-confident,1167559936.6,https://doi.org/10.7935/82H3-HH23,https://www.gw-openscience.org/eventapi/json/GWTC-1-confident/GW170104/v2,30.8,-5.6,7.3,20.0,-4.6,4.9,13.8,-0.3,0.2,990.0,-430.0,440.0,-0.04,-0.21,0.17,,,,21.4,-1.8,2.2,,,,0.2,-0.08,0.08,1e-07,,,1.0,,,48.9,-4.0,5.1
GW170608-v3,GW170608,3,GWTC-1-confident,1180922494.5,https://doi.org/10.7935/82H3-HH23,https://www.gw-openscience.org/eventapi/json/GWTC-1-confident/GW170608/v3,11.0,-1.7,5.5,7.6,-2.2,1.4,15.4,,,320.0,-110.0,120.0,0.03,-0.07,0.19,,,,7.9,-0.2,0.2,,,,0.07,-0.02,0.02,1e-07,,,1.0,,,17.8,-0.7,3.4
GW170729-v1,GW170729,1,GWTC-1-confident,1185389807.3,https://doi.org/10.7935/82H3-HH23,https://www.gw-openscience.org/eventapi/json/GWTC-1-confident/GW170729/v1,50.2,-10.2,16.2,34.0,-10.1,9.1,10.8,,,2840.0,-1360.0,1400.0,0.37,-0.25,0.21,,,,35.4,-4.8,6.5,,,,0.49,-0.21,0.19,0.02,,,0.98,,,79.5,-10.2,14.7
GW170809-v1,GW170809,1,GWTC-1-confident,1186302519.8,https://doi.org/10.7935/82H3-HH23,https://www.gw-openscience.org/eventapi/json/GWTC-1-confident/GW170809/v1,35.0,-5.9,8.3,23.8,-5.2,5.1,12.8,-0.3,0.2,1030.0,-390.0,320.0,0.08,-0.17,0.17,,,,24.9,-1.7,2.1,,,,0.2,-0.07,0.05,1e-07,,,1.0,,,56.3,-3.8,5.2
GW170814-v3,GW170814,3,GWTC-1-confident,1186741861.5,https://doi.org/10.7935/82H3-HH23,https://www.gw-openscience.org/eventapi/json/GWTC-1-confident/GW170814/v3,30.6,-3.0,5.6,25.2,-4.0,2.8,17.7,-0.3,0.2,600.0,-220.0,150.0,0.07,-0.12,0.12,,,,24.1,-1.1,1.4,,,,0.12,-0.04,0.03,1e-07,,,1.0,,,53.2,-2.4,3.2
GW170817-v3,GW170817,3,GWTC-1-confident,1187008882.4,https://doi.org/10.7935/82H3-HH23,https://www.gw-openscience.org/eventapi/json/GWTC-1-confident/GW170817/v3,1.46,-0.1,0.12,1.27,-0.09,0.09,33.0,,,40.0,-15.0,7.0,0.0,-0.01,0.02,,,,1.186,-0.001,0.001,,,,0.01,0.0,0.0,1e-07,,,1.0,,,2.8,,
GW170818-v1,GW170818,1,GWTC-1-confident,1187058327.1,https://doi.org/10.7935/82H3-HH23,https://www.gw-openscience.org/eventapi/json/GWTC-1-confident/GW170818/v1,35.4,-4.7,7.5,26.7,-5.2,4.3,12.0,-0.4,0.3,1060.0,-380.0,420.0,-0.09,-0.21,0.18,,,,26.5,-1.7,2.1,,,,0.21,-0.07,0.07,4.2000000000000004e-05,,,1.0,,,59.4,-3.8,4.9
GW170823-v1,GW170823,1,GWTC-1-confident,1187529256.5,https://doi.org/10.7935/82H3-HH23,https://www.gw-openscience.org/eventapi/json/GWTC-1-confident/GW170823/v1,39.5,-6.7,11.2,29.0,-7.8,6.7,12.2,-0.3,0.2,1940.0,-900.0,970.0,0.09,-0.26,0.22,,,,29.2,-3.6,4.6,,,,0.35,-0.15,0.15,1e-07,,,1.0,,,65.4,-7.4,10.1
GW190403_051519-v1,GW190403_051519,1,GWTC-2.1-confident,1238303737.2,/GWTC-2.1/,https://www.gw-openscience.org/eventapi/json/GWTC-2.1-confident/GW190403_051519/v1,85.0,-33.0,27.8,20.0,-8.4,26.3,7.6,-1.1,0.6,8280.0,-4290.0,6720.0,0.68,-0.43,0.16,106.6,-23.6,26.7,34.0,-8.4,15.1,,,,1.18,-0.53,0.73,7.7,,,0.60924,,,102.2,-24.3,26.3
GW190408_181802-v2,GW190408_181802,2,GWTC-2.1-confident,1238782700.2,/GWTC-2.1/,https://www.gw-openscience.org/eventapi/json/GWTC-2.1-confident/GW190408_181802/v2,24.8,-3.5,5.4,18.5,-4.0,3.3,14.6,-0.3,0.2,1540.0,-620.0,440.0,-0.03,-0.17,0.13,43.4,-3.0,4.2,18.5,-1.2,1.9,,,,0.29,-0.11,0.07,1e-05,,,1.0,,,41.4,-2.9,3.9
GW190412_053044-v4,GW190412,4,GWTC-2.1-confident,1239082262.1,/GWTC-2.1/,https://www.gw-openscience.org/eventapi/json/GWTC-2.1-confident/GW190412/v4,27.7,-6.0,6.0,9.0,-1.4,2.0,19.8,-0.3,0.2,720.0,-220.0,240.0,0.21,-0.13,0.12,36.8,-4.4,4.7,13.3,-0.5,0.5,,,,0.15,-0.04,0.04,1e-05,,,1.0,,,35.6,-4.5,4.8
GW190413_052954-v2,GW190413_052954,2,GWTC-2.1-confident,1239168612.5,/GWTC-2.1/,https://www.gw-openscience.org/eventapi/json/GWTC-2.1-confident/GW190413_052954/v2,33.7,-6.4,10.4,24.2,-7.0,6.5,9.0,-0.8,0.4,3320.0,-1400.0,1910.0,-0.04,-0.32,0.27,58.0,-7.8,10.6,24.5,-3.4,4.6,,,,0.56,-0.21,0.25,0.82,,,0.9275,,,55.5,-7.3,10.1
GW190413_134308-v2,GW190413_134308,2,GWTC-2.1-confident,1239198206.7,/GWTC-2.1/,https://www.gw-openscience.org/eventapi/json/GWTC-2.1-confident/GW190413_134308/v2,51.3,-12.6,16.6,30.4,-12.7,11.7,10.6,-0.5,0.4,3800.0,-1830.0,2480.0,-0.01,-0.38,0.28,81.3,-11.8,16.8,33.3,-6.3,7.8,,,,0.62,-0.26,0.32,0.18,,,0.99058,,,78.0,-11.5,16.1
GW190421_213856-v2,GW190421_213856,2,GWTC-2.1-confident,1239917954.2,/GWTC-2.1/,https://www.gw-openscience.org/eventapi/json/GWTC-2.1-confident/GW190421_213856/v2,42.0,-7.4,10.1,32.0,-9.8,8.3,10.7,-0.4,0.2,2590.0,-1240.0,1490.0,-0.1,-0.27,0.21,73.6,-9.5,13.2,31.4,-4.6,6.0,,,,0.45,-0.19,0.21,0.0028,,,0.99792,,,70.5,-9.0,12.4
GW190424_180648-v2,GW190424_180648,2,GWTC-2.1-auxiliary,1240164426.1,/GWTC-2.1,https://www.gw-openscience.org/eventapi/json/GWTC-2.1-auxiliary/GW190424_180648/v2,,,,,,,10.0939769744873,,,,,,,,,,,,,,,,,,,,,9.038785546924121,,,0.12110151519463319,,,,,
GW190425_081805-v3,GW190425,3,GWTC-2.1-confident,1240215503.0,/GWTC-2.1/,https://www.gw-openscience.org/eventapi/json/GWTC-2.1-confident/GW190425/v3,2.1,-0.4,0.5,1.3,-0.2,0.3,12.4,-0.4,0.4,150.0,-60.0,80.0,0.07,-0.05,0.07,3.4,-0.1,0.3,1.44,-0.02,0.02,,,,0.03,-0.01,0.02,0.034,,,0.78349,,,,,
GW190426_152155-v2,GW190426_152155,2,GWTC-2.1-marginal,1240327333.3,/GWTC-2.1/,https://www.gw-openscience.org/eventapi/json/GWTC-2.1-marginal/GW190426_152155/v2,,,,,,,10.12,,,,,,,,,,,,,,,,,,,,,0.91,,,,,,,,
GW190426_190642-v1,GW190426_190642,1,GWTC-2.1-confident,1240340820.6,/GWTC-2.1/,https://www.gw-openscience.org/eventapi/json/GWTC-2.1-confident/GW190426_190642/v1,105.5,-24.1,45.3,76.0,-36.5,26.2,8.7,-0.6,0.4,4580.0,-2280.0,3400.0,0.23,-0.41,0.42,182.3,-35.7,40.2,76.0,-17.4,19.1,,,,0.73,-0.32,0.41,4.1,,,0.75053,,,172.9,-33.6,37.7
GW190503_185404-v2,GW190503_185404,2,GWTC-2.1-confident,1240944862.2,/GWTC-2.1/,https://www.gw-openscience.org/eventapi/json/GWTC-2.1-confident/GW190503_185404/v2,41.3,-7.7,10.3,28.3,-9.2,7.5,12.2,-0.4,0.2,1520.0,-600.0,630.0,-0.05,-0.3,0.23,69.4,-8.6,10.1,29.3,-4.4,4.5,,,,0.29,-0.1,0.1,1e-05,,,1.0,,,66.5,-7.9,9.4
GW190512_180714-v2,GW190512_180714,2,GWTC-2.1-confident,1241719652.4,/GWTC-2.1/,https://www.gw-openscience.org/eventapi/json/GWTC-2.1-confident/GW190512_180714/v2,23.2,-5.6,5.6,12.5,-2.6,3.5,12.7,-0.4,0.3,1460.0,-590.0,510.0,0.02,-0.14,0.13,35.8,-3.5,4.1,14.6,-0.9,1.4,,,,0.28,-0.1,0.08,1e-05,,,1.0,,,34.3,-3.4,4.1
GW190513_205428-v2,GW190513_205428,2,GWTC-2.1-confident,1241816086.7,/GWTC-2.1/,https://www.gw-openscience.org/eventapi/json/GWTC-2.1-confident/GW190513_205428/v2,36.0,-9.7,10.6,18.3,-4.7,7.4,12.5,-0.4,0.3,2210.0,-810.0,990.0,0.16,-0.22,0.29,54.4,-6.7,9.3,21.8,-2.2,3.8,,,,0.4,-0.13,0.14,1.3e-05,,,0.99998,,,52.1,-6.6,8.8
GW190514_065416-v2,GW190514_065416,2,GWTC-2.1-confident,1241852074.8,/GWTC-2.1/,https://www.gw-openscience.org/eventapi/json/GWTC-2.1-confident/GW190514_065416/v2,40.9,-9.3,17.3,28.4,-10.1,10.0,8.0,-0.6,0.3,3890.0,-2070.0,2610.0,-0.08,-0.35,0.29,69.3,-12.1,19.8,29.1,-5.4,8.1,,,,0.64,-0.3,0.33,2.8,,,0.76021,,,66.4,-11.5,19.0
GW190517_055101-v2,GW190517_055101,2,GWTC-2.1-confident,1242107479.8,/GWTC-2.1/,https://www.gw-openscience.org/eventapi/json/GWTC-2.1-confident/GW190517_055101/v2,39.2,-9.2,13.9,24.0,-7.9,7.4,10.8,-0.6,0.5,1790.0,-880.0,1750.0,0.49,-0.28,0.21,64.1,-9.8,9.9,26.5,-4.2,4.0,,,,0.33,-0.15,0.26,0.00035,,,1.0,,,60.1,-9.4,9.9
GW190519_153544-v2,GW190519_153544,2,GWTC-2.1-confident,1242315362.3,/GWTC-2.1/,https://www.gw-openscience.org/eventapi/json/GWTC-2.1-confident/GW190519_153544/v2,65.1,-11.0,10.8,40.8,-12.7,11.5,15.9,-0.3,0.2,2600.0,-960.0,1720.0,0.33,-0.24,0.2,105.6,-13.9,14.4,44.3,-7.5,6.8,,,,0.45,-0.15,0.24,1e-05,,,1.0,,,100.0,-12.9,13.0
GW190521_030229-v4,GW190521,4,GWTC-2.1-confident,1242442967.4,/GWTC-2.1/,https://www.gw-openscience.org/eventapi/json/GWTC-2.1-confident/GW190521/v4,98.4,-21.7,33.6,57.2,-30.1,27.1,14.3,-0.4,0.5,3310.0,-1800.0,2790.0,-0.14,-0.45,0.5,153.1,-16.2,42.2,63.3,-14.6,19.6,,,,0.56,-0.27,0.36,0.0013,,,0.99989,,,147.4,-16.0,40.0
GW190521_074359-v2,GW190521_074359,2,GWTC-2.1-confident,1242459857.4,/GWTC-2.1/,https://www.gw-openscience.org/eventapi/json/GWTC-2.1-confident/GW190521_074359/v2,43.4,-5.5,5.8,33.4,-6.8,5.2,25.9,-0.2,0.1,1080.0,-530.0,580.0,0.1,-0.13,0.13,76.3,-5.9,7.0,32.8,-2.8,3.2,,,,0.21,-0.1,0.1,1e-05,,,1.0,,,72.6,-5.4,6.5
GW190527_092055-v2,GW190527_092055,2,GWTC-2.1-confident,1242984073.7,/GWTC-2.1/,https://www.gw-openscience.org/eventapi/json/GWTC-2.1-confident/GW190527_092055/v2,35.6,-8.0,18.7,22.2,-8.7,9.0,8.0,-0.9,0.4,2520.0,-1230.0,2080.0,0.1,-0.22,0.22,58.1,-8.8,18.1,23.9,-3.9,6.8,,,,0.44,-0.19,0.29,0.23,,,0.84784,,,55.5,-8.5,17.9
GW190602_175927-v2,GW190602_175927,2,GWTC-2.1-confident,1243533585.0,/GWTC-2.1/,https://www.gw-openscience.org/eventapi/json/GWTC-2.1-confident/GW190602_175927/v2,71.8,-14.6,18.1,44.8,-19.6,15.5,13.2,-0.3,0.2,2840.0,-1280.0,1930.0,0.12,-0.28,0.25,115.6,-14.8,19.2,48.0,-9.7,9.5,,,,0.49,-0.2,0.26,1e-05,,,1.0,,,110.5,-13.9,17.9
GW190620_030421-v2,GW190620_030421,2,GWTC-2.1-confident,1245035079.3,/GWTC-2.1/,https://www.gw-openscience.org/eventapi/json/GWTC-2.1-confident/GW190620_030421/v2,58.0,-13.3,19.2,35.0,-14.5,13.1,12.1,-0.4,0.3,2910.0,-1320.0,1710.0,0.34,-0.29,0.22,92.7,-13.2,18.5,38.1,-7.2,8.5,,,,0.5,-0.2,0.23,0.011,,,0.98748,,,88.0,-12.4,17.2
GW190630_185205-v2,GW190630_185205,2,GWTC-2.1-confident,1245955943.1,/GWTC-2.1/,https://www.gw-openscience.org/eventapi/json/GWTC-2.1-confident/GW190630_185205/v2,35.1,-5.5,6.5,24.0,-5.2,5.5,16.4,-0.3,0.2,870.0,-360.0,530.0,0.1,-0.13,0.14,59.4,-4.8,4.7,25.1,-2.1,2.2,,,,0.18,-0.07,0.09,1e-05,,,1.0,,,56.6,-4.5,4.4
GW190701_203306-v2,GW190701_203306,2,GWTC-2.1-confident,1246048404.5,/GWTC-2.1/,https://www.gw-openscience.org/eventapi/json/GWTC-2.1-confident/GW190701_203306/v2,54.1,-8.0,12.6,40.5,-12.1,8.7,11.2,-0.4,0.2,2090.0,-740.0,770.0,-0.08,-0.31,0.23,94.3,-9.5,12.0,40.2,-5.0,5.4,,,,0.38,-0.12,0.11,0.0057,,,0.99986,,,90.2,-8.9,11.2
GW190706_222641-v2,GW190706_222641,2,GWTC-2.1-confident,1246487219.3,/GWTC-2.1/,https://www.gw-openscience.org/eventapi/json/GWTC-2.1-confident/GW190706_222641/v2,74.0,-16.9,20.1,39.4,-15.4,18.4,13.4,-0.4,0.2,3630.0,-2000.0,2600.0,0.28,-0.31,0.25,112.6,-16.8,27.4,45.6,-9.1,13.0,,,,0.6,-0.29,0.33,5e-05,,,1.0,,,107.3,-15.9,25.2
GW190707_093326-v2,GW190707_093326,2,GWTC-2.1-confident,1246527224.1,/GWTC-2.1/,https://www.gw-openscience.org/eventapi/json/GWTC-2.1-confident/GW190707_093326/v2,12.1,-2.0,2.6,7.9,-1.3,1.6,13.1,-0.4,0.2,850.0,-400.0,340.0,-0.04,-0.09,0.1,20.1,-1.2,1.7,8.4,-0.4,0.6,,,,0.17,-0.08,0.06,1e-05,,,1.0,,,19.2,-1.2,1.7
GW190708_232457-v2,GW190708_232457,2,GWTC-2.1-confident,1246663515.3,/GWTC-2.1/,https://www.gw-openscience.org/eventapi/json/GWTC-2.1-confident/GW190708_232457/v2,19.8,-4.3,4.3,11.6,-2.0,3.1,13.4,-0.3,0.2,930.0,-390.0,310.0,0.05,-0.1,0.1,31.4,-2.2,2.8,13.1,-0.6,0.9,,,,0.19,-0.07,0.06,0.00031,,,0.99965,,,30.1,-2.1,2.9
GW190719_215514-v2,GW190719_215514,2,GWTC-2.1-confident,1247608532.9,/GWTC-2.1/,https://www.gw-openscience.org/eventapi/json/GWTC-2.1-confident/GW190719_215514/v2,36.6,-11.1,42.1,19.9,-9.3,10.0,7.9,-0.7,0.3,3730.0,-2070.0,3120.0,0.25,-0.32,0.33,57.2,-11.6,38.4,22.8,-4.3,8.3,,,,0.61,-0.3,0.39,0.63,,,0.91976,,,54.5,-11.1,38.3
GW190720_000836-v2,GW190720_000836,2,GWTC-2.1-confident,1247616534.7,/GWTC-2.1/,https://www.gw-openscience.org/eventapi/json/GWTC-2.1-confident/GW190720_000836/v2,14.2,-3.3,5.6,7.5,-1.8,2.2,10.9,-0.8,0.3,770.0,-260.0,650.0,0.19,-0.11,0.14,21.8,-2.0,3.8,9.0,-0.8,0.4,,,,0.16,-0.05,0.11,1e-05,,,1.0,,,20.8,-2.0,3.9
GW190725_174728-v1,GW190725_174728,1,GWTC-2.1-confident,1248112066.4,/GWTC-2.1/,https://www.gw-openscience.org/eventapi/json/GWTC-2.1-confident/GW190725_174728/v1,11.8,-3.0,10.1,6.3,-2.5,2.1,9.1,-0.7,0.4,1030.0,-430.0,520.0,-0.04,-0.16,0.36,18.3,-1.9,7.4,7.4,-0.5,0.5,,,,0.2,-0.08,0.09,0.46,,,0.96021,,,17.6,-1.8,7.7
GW190727_060333-v2,GW190727_060333,2,GWTC-2.1-confident,1248242631.9,/GWTC-2.1/,https://www.gw-openscience.org/eventapi/json/GWTC-2.1-confident/GW190727_060333/v2,38.9,-6.0,8.9,30.2,-8.3,6.5,11.7,-0.5,0.2,3070.0,-1230.0,1300.0,0.09,-0.27,0.25,68.8,-7.8,10.2,29.4,-3.7,4.6,,,,0.52,-0.18,0.18,1e-05,,,1.0,,,65.4,-7.3,9.5
GW190728_064510-v2,GW190728_064510,2,GWTC-2.1-confident,1248331528.5,/GWTC-2.1/,https://www.gw-openscience.org/eventapi/json/GWTC-2.1-confident/GW190728_064510/v2,12.5,-2.3,6.9,8.0,-2.6,1.7,13.1,-0.4,0.3,880.0,-380.0,260.0,0.13,-0.07,0.19,20.7,-1.4,4.2,8.6,-0.3,0.6,,,,0.18,-0.07,0.05,1e-05,,,1.0,,,19.7,-1.4,4.4
GW190731_140936-v2,GW190731_140936,2,GWTC-2.1-confident,1248617394.6,/GWTC-2.1/,https://www.gw-openscience.org/eventapi/json/GWTC-2.1-confident/GW190731_140936/v2,41.8,-9.1,12.7,29.0,-9.9,10.2,8.8,-0.4,0.3,3330.0,-1770.0,2350.0,0.07,-0.25,0.28,70.7,-11.4,16.3,29.7,-5.3,7.4,,,,0.56,-0.26,0.31,0.33,,,0.83427,,,67.4,-10.8,15.3
GW190803_022701-v2,GW190803_022701,2,GWTC-2.1-confident,1248834439.8,/GWTC-2.1/,https://www.gw-openscience.org/eventapi/json/GWTC-2.1-confident/GW190803_022701/v2,37.7,-6.7,9.8,27.6,-8.5,7.6,9.3,-0.5,0.3,3190.0,-1470.0,1630.0,-0.01,-0.28,0.23,65.0,-8.1,12.0,27.6,-3.8,5.4,,,,0.54,-0.22,0.22,0.073,,,0.97383,,,62.1,-7.6,11.2
GW190805_211137-v1,GW190805_211137,1,GWTC-2.1-confident,1249074715.3,/GWTC-2.1/,https://www.gw-openscience.org/eventapi/json/GWTC-2.1-confident/GW190805_211137/v1,46.2,-11.2,15.4,30.6,-11.3,11.8,8.1,-0.7,0.5,6130.0,-3080.0,3720.0,0.37,-0.39,0.29,76.7,-13.8,19.5,31.9,-6.3,8.8,,,,0.92,-0.4,0.43,0.63,,,0.95372,,,72.4,-13.2,18.2
GW190814_211039-v3,GW190814,3,GWTC-2.1-confident,1249852257.0,/GWTC-2.1/,https://www.gw-openscience.org/eventapi/json/GWTC-2.1-confident/GW190814/v3,23.3,-1.4,1.4,2.6,-0.1,0.1,25.3,-0.2,0.1,230.0,-50.0,40.0,0.0,-0.07,0.07,25.9,-1.3,1.3,6.11,-0.05,0.06,,,,0.05,-0.01,0.01,1e-05,,,1.0,,,25.7,-1.3,1.3
GW190828_063405-v2,GW190828_063405,2,GWTC-2.1-confident,1251009263.7,/GWTC-2.1/,https://www.gw-openscience.org/eventapi/json/GWTC-2.1-confident/GW190828_063405/v2,31.9,-4.1,5.4,25.8,-5.3,4.9,16.5,-0.3,0.2,2070.0,-920.0,650.0,0.15,-0.16,0.15,57.2,-4.3,7.9,24.6,-2.0,3.6,,,,0.38,-0.15,0.1,1e-05,,,1.0,,,54.3,-4.0,7.3
GW190828_065509-v2,GW190828_065509,2,GWTC-2.1-confident,1251010527.8,/GWTC-2.1/,https://www.gw-openscience.org/eventapi/json/GWTC-2.1-confident/GW190828_065509/v2,23.7,-6.7,6.8,10.4,-2.2,3.8,10.2,-0.5,0.4,1540.0,-650.0,690.0,0.05,-0.17,0.16,34.3,-4.3,5.2,13.4,-1.0,1.4,,,,0.29,-0.11,0.11,3.5e-05,,,0.99998,,,33.0,-4.3,5.3
GW190909_114149-v2,GW190909_114149,2,GWTC-2.1-auxiliary,1252064527.7,/GWTC-2.1,https://www.gw-openscience.org/eventapi/json/GWTC-2.1-auxiliary/GW190909_114149/v2,,,,,,,9.047895,,,,,,,,,,,,,,,,,,,,,26.1830194416,,,0.1525430959725358,,,,,
GW190910_112807-v2,GW190910_112807,2,GWTC-2.1-confident,1252150105.3,/GWTC-2.1/,https://www.gw-openscience.org/eventapi/json/GWTC-2.1-confident/GW190910_112807/v2,43.8,-6.8,7.6,34.2,-7.3,6.6,14.5,-0.3,0.2,1520.0,-630.0,1090.0,0.0,-0.2,0.17,78.0,-9.1,9.3,33.5,-4.1,4.2,,,,0.29,-0.11,0.17,0.0029,,,0.99669,,,74.4,-8.6,8.5
GW190915_235702-v2,GW190915_235702,2,GWTC-2.1-confident,1252627040.6,/GWTC-2.1/,https://www.gw-openscience.org/eventapi/json/GWTC-2.1-confident/GW190915_235702/v2,32.6,-4.9,8.8,24.5,-5.8,4.9,13.1,-0.3,0.2,1750.0,-650.0,710.0,-0.03,-0.24,0.19,57.2,-5.3,7.1,24.4,-2.3,3.0,,,,0.32,-0.11,0.11,1e-05,,,1.0,,,54.7,-5.0,6.6
GW190916_200658-v1,GW190916_200658,1,GWTC-2.1-confident,1252699636.9,/GWTC-2.1/,https://www.gw-openscience.org/eventapi/json/GWTC-2.1-confident/GW190916_200658/v1,43.8,-12.6,19.9,23.3,-10.0,12.5,8.1,-0.5,0.3,4940.0,-2380.0,3710.0,0.2,-0.31,0.33,68.0,-13.1,18.3,26.9,-5.4,8.2,,,,0.77,-0.32,0.45,4.7,,,0.65727,,,65.0,-12.6,17.3
GW190917_114630-v1,GW190917_114630,1,GWTC-2.1-confident,1252756008.0,/GWTC-2.1/,https://www.gw-openscience.org/eventapi/json/GWTC-2.1-confident/GW190917_114630/v1,9.7,-3.9,3.4,2.1,-0.4,1.1,8.3,-0.8,0.5,720.0,-310.0,300.0,-0.08,-0.43,0.21,11.8,-2.8,3.0,3.7,-0.2,0.2,,,,0.15,-0.06,0.05,0.66,,,0.76643,,,11.6,-2.9,3.1
GW190924_021846-v2,GW190924_021846,2,GWTC-2.1-confident,1253326744.8,/GWTC-2.1/,https://www.gw-openscience.org/eventapi/json/GWTC-2.1-confident/GW190924_021846/v2,8.8,-1.8,4.3,5.1,-1.5,1.2,12.0,-0.4,0.3,550.0,-220.0,220.0,0.03,-0.08,0.2,13.9,-0.9,2.8,5.8,-0.2,0.2,,,,0.11,-0.04,0.04,1e-05,,,1.0,,,13.3,-0.9,3.0
GW190925_232845-v1,GW190925_232845,1,GWTC-2.1-confident,1253489343.1,/GWTC-2.1/,https://www.gw-openscience.org/eventapi/json/GWTC-2.1-confident/GW190925_232845/v1,20.8,-2.9,6.5,15.5,-3.6,2.5,9.7,-0.6,0.3,930.0,-350.0,460.0,0.09,-0.15,0.16,36.7,-2.8,3.6,15.6,-1.1,1.1,,,,0.19,-0.07,0.08,0.0072,,,0.98849,,,34.9,-2.6,3.5
GW190926_050336-v1,GW190926_050336,1,GWTC-2.1-confident,1253509434.0,/GWTC-2.1/,https://www.gw-openscience.org/eventapi/json/GWTC-2.1-confident/GW190926_050336/v1,41.1,-12.5,20.8,20.4,-8.2,11.4,8.1,-0.8,0.6,3280.0,-1730.0,3400.0,-0.02,-0.32,0.25,61.9,-12.0,22.7,24.4,-4.9,9.0,,,,0.55,-0.26,0.44,1.1,,,0.54334,,,59.6,-11.8,22.1
GW190929_012149-v2,GW190929_012149,2,GWTC-2.1-confident,1253755327.4,/GWTC-2.1/,https://www.gw-openscience.org/eventapi/json/GWTC-2.1-confident/GW190929_012149/v2,66.3,-16.6,21.6,26.8,-10.6,14.7,9.7,-0.6,0.4,3130.0,-1370.0,2510.0,-0.03,-0.28,0.23,93.3,-15.0,23.3,35.6,-7.4,10.2,,,,0.53,-0.2,0.33,0.16,,,0.87042,,,90.3,-14.6,22.3
GW190930_133541-v2,GW190930_133541,2,GWTC-2.1-confident,1253885759.2,/GWTC-2.1/,https://www.gw-openscience.org/eventapi/json/GWTC-2.1-confident/GW190930_133541/v2,14.2,-4.0,8.0,6.9,-2.1,2.4,9.7,-0.5,0.3,770.0,-320.0,320.0,0.19,-0.16,0.22,21.2,-2.0,5.9,8.5,-0.4,0.5,,,,0.16,-0.06,0.06,0.012,,,0.99785,,,20.2,-2.0,6.1
GW191103_012549-v1,GW191103_012549,1,GWTC-3-confident,1256779567.5,/GWTC-3/,https://www.gw-openscience.org/eventapi/json/GWTC-3-confident/GW191103_012549/v1,11.8,-2.2,6.2,7.9,-2.4,1.7,8.9,-0.5,0.3,990.0,-470.0,500.0,0.21,-0.1,0.16,20.0,-1.8,3.7,8.34,-0.57,0.66,,,,0.2,-0.09,0.09,0.46,,,0.94318,,,19.0,-1.7,3.8
GW191105_143521-v1,GW191105_143521,1,GWTC-3-confident,1256999739.9,/GWTC-3/,https://www.gw-openscience.org/eventapi/json/GWTC-3-confident/GW191105_143521/v1,10.7,-1.6,3.7,7.7,-1.9,1.4,9.7,-0.5,0.3,1150.0,-480.0,430.0,-0.02,-0.09,0.13,18.5,-1.3,2.1,7.82,-0.45,0.61,,,,0.23,-0.09,0.07,0.012,,,0.99,,,17.6,-1.2,2.1
GW191109_010717-v1,GW191109_010717,1,GWTC-3-confident,1257296855.2,/GWTC-3/,https://www.gw-openscience.org/eventapi/json/GWTC-3-confident/GW191109_010717/v1,65.0,-11.0,11.0,47.0,-13.0,15.0,17.3,-0.5,0.5,1290.0,-650.0,1130.0,-0.29,-0.31,0.42,112.0,-16.0,20.0,47.5,-7.5,9.6,,,,0.25,-0.12,0.18,0.00018,,,0.99,,,107.0,-15.0,18.0
GW191113_071753-v1,GW191113_071753,1,GWTC-3-confident,1257664691.8,/GWTC-3/,https://www.gw-openscience.org/eventapi/json/GWTC-3-confident/GW191113_071753/v1,29.0,-14.0,12.0,5.9,-1.3,4.4,7.9,-1.1,0.5,1370.0,-620.0,1150.0,0.0,-0.29,0.37,34.5,-9.8,10.5,10.7,-1.0,1.1,,,,0.26,-0.11,0.18,26.0,,,0.68339,,,34.0,-10.0,11.0
GW191126_115259-v1,GW191126_115259,1,GWTC-3-confident,1258804397.6,/GWTC-3/,https://www.gw-openscience.org/eventapi/json/GWTC-3-confident/GW191126_115259/v1,12.1,-2.2,5.5,8.3,-2.4,1.9,8.3,-0.5,0.2,1620.0,-740.0,740.0,0.21,-0.11,0.15,20.7,-2.0,3.4,8.65,-0.71,0.95,,,,0.3,-0.13,0.12,3.2,,,0.70041,,,19.6,-2.0,3.5
GW191127_050227-v1,GW191127_050227,1,GWTC-3-confident,1258866165.5,/GWTC-3/,https://www.gw-openscience.org/eventapi/json/GWTC-3-confident/GW191127_050227/v1,53.0,-20.0,47.0,24.0,-14.0,17.0,9.2,-0.6,0.7,3400.0,-1900.0,3100.0,0.18,-0.36,0.34,80.0,-22.0,39.0,29.9,-9.1,11.7,,,,0.57,-0.29,0.4,0.25,,,0.73996,,,76.0,-21.0,39.0
GW191129_134029-v1,GW191129_134029,1,GWTC-3-confident,1259070047.1,/GWTC-3/,https://www.gw-openscience.org/eventapi/json/GWTC-3-confident/GW191129_134029/v1,10.7,-2.1,4.1,6.7,-1.7,1.5,13.1,-0.3,0.2,790.0,-330.0,260.0,0.06,-0.08,0.16,17.5,-1.2,2.4,7.31,-0.28,0.43,,,,0.16,-0.06,0.05,1e-05,,,0.99,,,16.8,-1.2,2.5
GW191204_110529-v1,GW191204_110529,1,GWTC-3-confident,1259492747.5,/GWTC-3/,https://www.gw-openscience.org/eventapi/json/GWTC-3-confident/GW191204_110529/v1,27.3,-6.0,11.0,19.3,-6.0,5.6,8.8,-0.6,0.4,1800.0,-1100.0,1700.0,0.05,-0.27,0.26,47.2,-8.0,9.2,19.8,-3.3,3.6,,,,0.34,-0.18,0.25,3.3,,,0.74239,,,45.0,-7.6,8.6
GW191204_171526-v1,GW191204_171526,1,GWTC-3-confident,1259514944.0,/GWTC-3/,https://www.gw-openscience.org/eventapi/json/GWTC-3-confident/GW191204_171526/v1,11.9,-1.8,3.3,8.2,-1.6,1.4,17.5,-0.2,0.2,650.0,-250.0,190.0,0.16,-0.05,0.08,20.21,-0.96,1.7,8.55,-0.27,0.38,,,,0.13,-0.05,0.04,1e-05,,,0.99,,,19.21,-0.95,1.79
GW191215_223052-v1,GW191215_223052,1,GWTC-3-confident,1260484270.3,/GWTC-3/,https://www.gw-openscience.org/eventapi/json/GWTC-3-confident/GW191215_223052/v1,24.9,-4.1,7.1,18.1,-4.1,3.8,11.2,-0.4,0.3,1930.0,-860.0,890.0,-0.04,-0.21,0.17,43.3,-4.3,5.3,18.4,-1.7,2.2,,,,0.35,-0.14,0.13,1e-05,,,0.99,,,41.4,-4.1,5.1
GW191216_213338-v1,GW191216_213338,1,GWTC-3-confident,1260567236.4,/GWTC-3/,https://www.gw-openscience.org/eventapi/json/GWTC-3-confident/GW191216_213338/v1,12.1,-2.3,4.6,7.7,-1.9,1.6,18.6,-0.2,0.2,340.0,-130.0,120.0,0.11,-0.06,0.13,19.81,-0.94,2.69,8.33,-0.19,0.22,,,,0.07,-0.03,0.02,1e-05,,,0.99,,,18.87,-0.94,2.8
GW191219_163120-v1,GW191219_163120,1,GWTC-3-confident,1260808298.4,/GWTC-3/,https://www.gw-openscience.org/eventapi/json/GWTC-3-confident/GW191219_163120/v1,31.1,-2.8,2.2,1.17,-0.06,0.07,9.1,-0.8,0.5,550.0,-160.0,250.0,0.0,-0.09,0.07,32.3,-2.7,2.2,4.32,-0.17,0.12,,,,0.11,-0.03,0.05,4.0,,,0.8224,,,32.2,-2.7,2.2
GW191222_033537-v1,GW191222_033537,1,GWTC-3-confident,1261020955.1,/GWTC-3/,https://www.gw-openscience.org/eventapi/json/GWTC-3-confident/GW191222_033537/v1,45.1,-8.0,10.9,34.7,-10.5,9.3,12.5,-0.3,0.2,3000.0,-1700.0,1700.0,-0.04,-0.25,0.2,79.0,-11.0,16.0,33.8,-5.0,7.1,,,,0.51,-0.26,0.23,1e-05,,,0.99,,,75.5,-9.9,15.3
GW191230_180458-v1,GW191230_180458,1,GWTC-3-confident,1261764316.4,/GWTC-3/,https://www.gw-openscience.org/eventapi/json/GWTC-3-confident/GW191230_180458/v1,49.4,-9.6,14.0,37.0,-12.0,11.0,10.4,-0.4,0.3,4300.0,-1900.0,2100.0,-0.05,-0.31,0.26,86.0,-12.0,19.0,36.5,-5.6,8.2,,,,0.69,-0.27,0.26,0.05,,,0.96159,,,82.0,-11.0,17.0
GW200112_155838-v1,GW200112_155838,1,GWTC-3-confident,1262879936.0,/GWTC-3/,https://www.gw-openscience.org/eventapi/json/GWTC-3-confident/GW200112_155838/v1,35.6,-4.5,6.7,28.3,-5.9,4.4,19.8,-0.2,0.1,1250.0,-460.0,430.0,0.06,-0.15,0.15,63.9,-4.6,5.7,27.4,-2.1,2.6,,,,0.24,-0.08,0.07,1e-05,,,0.99,,,60.8,-4.3,5.3
GW200115_042309-v2,GW200115_042309,2,GWTC-3-confident,1263097407.7,/GWTC-3/,https://www.gw-openscience.org/eventapi/json/GWTC-3-confident/GW200115_042309/v2,5.9,-2.5,2.0,1.44,-0.29,0.85,11.3,-0.5,0.3,290.0,-100.0,150.0,-0.15,-0.42,0.24,7.4,-1.7,1.8,2.43,-0.07,0.05,,,,0.06,-0.02,0.03,1e-05,,,0.99,,,7.2,-1.7,1.8
GW200128_022011-v1,GW200128_022011,1,GWTC-3-confident,1264213229.9,/GWTC-3/,https://www.gw-openscience.org/eventapi/json/GWTC-3-confident/GW200128_022011/v1,42.2,-8.1,11.6,32.6,-9.2,9.5,10.6,-0.4,0.3,3400.0,-1800.0,2100.0,0.12,-0.25,0.24,75.0,-12.0,17.0,32.0,-5.5,7.5,,,,0.56,-0.28,0.28,0.0043,,,0.99,,,71.0,-11.0,16.0
GW200129_065458-v1,GW200129_065458,1,GWTC-3-confident,1264316116.4,/GWTC-3/,https://www.gw-openscience.org/eventapi/json/GWTC-3-confident/GW200129_065458/v1,34.5,-3.2,9.9,28.9,-9.3,3.4,26.8,-0.2,0.2,900.0,-380.0,290.0,0.11,-0.16,0.11,63.4,-3.6,4.3,27.2,-2.3,2.1,,,,0.18,-0.07,0.05,1e-05,,,0.99,,,60.3,-3.3,4.0
GW200202_154313-v1,GW200202_154313,1,GWTC-3-confident,1264693411.5,/GWTC-3/,https://www.gw-openscience.org/eventapi/json/GWTC-3-confident/GW200202_154313/v1,10.1,-1.4,3.5,7.3,-1.7,1.1,10.8,-0.4,0.2,410.0,-160.0,150.0,0.04,-0.06,0.13,17.58,-0.67,1.78,7.49,-0.2,0.24,,,,0.09,-0.03,0.03,1e-05,,,0.99,,,16.76,-0.66,1.87
GW200208_130117-v1,GW200208_130117,1,GWTC-3-confident,1265202095.9,/GWTC-3/,https://www.gw-openscience.org/eventapi/json/GWTC-3-confident/GW200208_130117/v1,37.8,-6.2,9.2,27.4,-7.4,6.1,10.8,-0.4,0.3,2230.0,-850.0,1000.0,-0.07,-0.27,0.22,65.4,-6.8,7.8,27.7,-3.1,3.6,,,,0.4,-0.14,0.15,0.00031,,,0.99,,,62.5,-6.4,7.3
GW200208_222617-v1,GW200208_222617,1,GWTC-3-confident,1265235995.9,/GWTC-3/,https://www.gw-openscience.org/eventapi/json/GWTC-3-confident/GW200208_222617/v1,51.0,-30.0,104.0,12.3,-5.7,9.0,7.4,-1.2,1.4,4100.0,-1900.0,4400.0,0.45,-0.44,0.43,63.0,-25.0,100.0,19.6,-5.1,10.7,,,,0.66,-0.28,0.54,4.8,,,0.70006,,,61.0,-25.0,100.0
GW200209_085452-v1,GW200209_085452,1,GWTC-3-confident,1265273710.1,/GWTC-3/,https://www.gw-openscience.org/eventapi/json/GWTC-3-confident/GW200209_085452/v1,35.6,-6.8,10.5,27.1,-7.8,7.8,9.6,-0.5,0.4,3400.0,-1800.0,1900.0,-0.12,-0.3,0.24,62.6,-9.4,13.9,26.7,-4.2,6.0,,,,0.57,-0.26,0.25,0.046,,,0.97236,,,59.9,-8.9,13.1
GW200210_092254-v1,GW200210_092254,1,GWTC-3-confident,1265361792.9,/GWTC-3/,https://www.gw-openscience.org/eventapi/json/GWTC-3-confident/GW200210_092254/v1,24.1,-4.6,7.5,2.83,-0.42,0.47,8.4,-0.7,0.5,940.0,-340.0,430.0,0.02,-0.21,0.22,27.0,-4.3,7.1,6.56,-0.4,0.38,,,,0.19,-0.06,0.08,1.2,,,0.54462,,,26.7,-4.3,7.2
GW200216_220804-v1,GW200216_220804,1,GWTC-3-confident,1265926102.8,/GWTC-3/,https://www.gw-openscience.org/eventapi/json/GWTC-3-confident/GW200216_220804/v1,51.0,-13.0,22.0,30.0,-16.0,14.0,8.1,-0.5,0.4,3800.0,-2000.0,3000.0,0.1,-0.36,0.34,81.0,-14.0,20.0,32.9,-8.5,9.3,,,,0.63,-0.29,0.37,0.35,,,0.77277,,,78.0,-13.0,19.0
GW200219_094415-v1,GW200219_094415,1,GWTC-3-confident,1266140673.1,/GWTC-3/,https://www.gw-openscience.org/eventapi/json/GWTC-3-confident/GW200219_094415/v1,37.5,-6.9,10.1,27.9,-8.4,7.4,10.7,-0.5,0.3,3400.0,-1500.0,1700.0,-0.08,-0.29,0.23,65.0,-8.2,12.6,27.6,-3.8,5.6,,,,0.57,-0.22,0.22,0.00099,,,0.99,,,62.2,-7.8,11.7
GW200220_061928-v1,GW200220_061928,1,GWTC-3-confident,1266214786.7,/GWTC-3/,https://www.gw-openscience.org/eventapi/json/GWTC-3-confident/GW200220_061928/v1,87.0,-23.0,40.0,61.0,-25.0,26.0,7.2,-0.7,0.4,6000.0,-3100.0,4800.0,0.06,-0.38,0.4,148.0,-33.0,55.0,62.0,-15.0,23.0,,,,0.9,-0.4,0.55,6.8,,,0.62376,,,141.0,-31.0,51.0
GW200220_124850-v1,GW200220_124850,1,GWTC-3-confident,1266238148.1,/GWTC-3/,https://www.gw-openscience.org/eventapi/json/GWTC-3-confident/GW200220_124850/v1,38.9,-8.6,14.1,27.9,-9.0,9.2,8.5,-0.5,0.3,4000.0,-2200.0,2800.0,-0.07,-0.33,0.27,67.0,-12.0,17.0,28.2,-5.1,7.3,,,,0.66,-0.31,0.36,30.0,,,0.82579,,,64.0,-11.0,16.0
GW200224_222234-v1,GW200224_222234,1,GWTC-3-confident,1266618172.4,/GWTC-3/,https://www.gw-openscience.org/eventapi/json/GWTC-3-confident/GW200224_222234/v1,40.0,-4.5,6.9,32.5,-7.2,5.0,20.0,-0.2,0.2,1710.0,-640.0,490.0,0.1,-0.15,0.15,72.2,-5.1,7.2,31.1,-2.6,3.2,,,,0.32,-0.11,0.08,1e-05,,,0.99,,,68.6,-4.7,6.6
GW200225_060421-v1,GW200225_060421,1,GWTC-3-confident,1266645879.3,/GWTC-3/,https://www.gw-openscience.org/eventapi/json/GWTC-3-confident/GW200225_060421/v1,19.3,-3.0,5.0,14.0,-3.5,2.8,12.5,-0.4,0.3,1150.0,-530.0,510.0,-0.12,-0.28,0.17,33.5,-3.0,3.6,14.2,-1.4,1.5,,,,0.22,-0.1,0.09,1.1e-05,,,0.99,,,32.1,-2.8,3.5
GW200302_015811-v1,GW200302_015811,1,GWTC-3-confident,1267149509.5,/GWTC-3/,https://www.gw-openscience.org/eventapi/json/GWTC-3-confident/GW200302_015811/v1,37.8,-8.5,8.7,20.0,-5.7,8.1,10.8,-0.4,0.3,1480.0,-700.0,1020.0,0.01,-0.26,0.25,57.8,-6.9,9.6,23.4,-3.0,4.7,,,,0.28,-0.12,0.16,0.11,,,0.90643,,,55.5,-6.6,8.9
GW200306_093714-v1,GW200306_093714,1,GWTC-3-confident,1267522652.1,/GWTC-3/,https://www.gw-openscience.org/eventapi/json/GWTC-3-confident/GW200306_093714/v1,28.3,-7.7,17.1,14.8,-6.4,6.5,7.8,-0.6,0.4,2100.0,-1100.0,1700.0,0.32,-0.46,0.28,43.9,-7.5,11.8,17.5,-3.0,3.5,,,,0.38,-0.18,0.24,24.0,,,0.81156,,,41.7,-6.9,12.3
GW200308_173609-v1,GW200308_173609,1,GWTC-3-confident,1267724187.7,/GWTC-3/,https://www.gw-openscience.org/eventapi/json/GWTC-3-confident/GW200308_173609/v1,36.4,-9.6,11.2,13.8,-3.3,7.2,7.1,-0.5,0.5,5400.0,-2600.0,2700.0,0.65,-0.21,0.17,50.6,-8.5,10.9,19.0,-2.8,4.8,,,,0.83,-0.35,0.32,2.4,,,0.8566,,,47.4,-7.7,11.1
GW200311_115853-v1,GW200311_115853,1,GWTC-3-confident,1267963151.3,/GWTC-3/,https://www.gw-openscience.org/eventapi/json/GWTC-3-confident/GW200311_115853/v1,34.2,-3.8,6.4,27.7,-5.9,4.1,17.8,-0.2,0.2,1170.0,-400.0,280.0,-0.02,-0.2,0.16,61.9,-4.2,5.3,26.6,-2.0,2.4,,,,0.23,-0.07,0.05,1e-05,,,0.99,,,59.0,-3.9,4.8
GW200316_215756-v1,GW200316_215756,1,GWTC-3-confident,1268431094.1,/GWTC-3/,https://www.gw-openscience.org/eventapi/json/GWTC-3-confident/GW200316_215756/v1,13.1,-2.9,10.2,7.8,-2.9,1.9,10.3,-0.7,0.4,1120.0,-440.0,470.0,0.13,-0.1,0.27,21.2,-2.0,7.2,8.75,-0.55,0.62,,,,0.22,-0.08,0.08,1e-05,,,0.99,,,20.2,-1.9,7.4
GW200322_091133-v1,GW200322_091133,1,GWTC-3-confident,1268903511.3,/GWTC-3/,https://www.gw-openscience.org/eventapi/json/GWTC-3-confident/GW200322_091133/v1,34.0,-18.0,48.0,14.0,-8.7,16.8,6.0,-1.2,1.7,3600.0,-2000.0,7000.0,0.24,-0.51,0.45,55.0,-27.0,37.0,15.5,-3.7,15.7,,,,0.6,-0.3,0.84,140.0,,,0.61501,,,53.0,-26.0,38.0
